{"cameraMode":{"drawMode":0,"name":"Shaded","section":"Shading Mode"},"sceneLighting":true,"audioPlay":false,"sceneViewState":{"m_AlwaysRefresh":false,"showFog":true,"showSkybox":true,"showFlares":true,"showImageEffects":true,"showParticleSystems":true,"showVisualEffectGraphs":true,"m_FxEnabled":true},"in2DMode":false,"pivot":{"x":-0.7834300994873047,"y":7.087728977203369,"z":20.521316528320314},"rotation":{"x":0.03872112184762955,"y":-0.55260169506073,"z":0.025713521987199785,"w":0.8321486711502075},"size":12.238883018493653,"orthographic":false}